{
	"info": {
		"_postman_id": "13922ff2-23b5-4e46-af3b-537b9bf18b9e",
		"name": "Watchdog API",
		"schema": "https://schema.getpostman.com/json/collection/v2.1.0/collection.json",
		"_exporter_id": "39899980"
	},
	"item": [
		{
			"name": "Web UI",
			"item": [
				{
					"name": "Endpoint List",
					"request": {
						"auth": {
							"type": "bearer",
							"bearer": [
								{
									"key": "token",
									"value": "eyJhbGciOiJIUzI1NiIsInR5cCI6IkpXVCJ9.eyJpZCI6MSwiaWF0IjoxNzMyMjUyMTg5LCJleHAiOjE3MzIyODA5ODl9.UbCOd7cCqfcWjW5iaZew4D52u_iwXbyXYPDIPiBbwQI",
									"type": "string"
								}
							]
						},
						"method": "GET",
						"header": [],
						"url": {
							"raw": "{{ui_root}}/endpoints",
							"host": [
								"{{ui_root}}"
							],
							"path": [
								"endpoints"
							]
						}
					},
					"response": []
				},
				{
					"name": "Get Event List",
					"request": {
						"auth": {
							"type": "bearer",
							"bearer": [
								{
									"key": "token",
									"value": "eyJhbGciOiJIUzI1NiIsInR5cCI6IkpXVCJ9.eyJpZCI6MSwiaWF0IjoxNzMyMjUyMTg5LCJleHAiOjE3MzIyODA5ODl9.UbCOd7cCqfcWjW5iaZew4D52u_iwXbyXYPDIPiBbwQI",
									"type": "string"
								}
							]
						},
						"method": "GET",
						"header": [],
						"url": {
							"raw": "{{ui_root}}/events",
							"host": [
								"{{ui_root}}"
							],
							"path": [
								"events"
							]
						}
					},
					"response": []
				},
				{
					"name": "Login",
					"request": {
						"method": "POST",
						"header": [],
						"url": {
							"raw": "{{ui_root}}/login?username=Dave&password=MyPassword",
							"host": [
								"{{ui_root}}"
							],
							"path": [
								"login"
							],
							"query": [
								{
									"key": "username",
									"value": "Dave"
								},
								{
									"key": "password",
									"value": "MyPassword"
								}
							]
						}
					},
					"response": []
				},
				{
					"name": "Network Traffic",
					"request": {
						"auth": {
							"type": "bearer",
							"bearer": [
								{
									"key": "token",
									"value": "eyJhbGciOiJIUzI1NiIsInR5cCI6IkpXVCJ9.eyJpZCI6MSwiaWF0IjoxNzMyMjMwMzgzLCJleHAiOjE3MzIyNTkxODN9.qPzzgPYBHHm7y0hsHIhSXV3bVWjbZHdwepFE-LEZdGU",
									"type": "string"
								}
							]
						},
						"method": "GET",
						"header": [],
						"url": {
							"raw": "{{ui_root}}/network_traffic",
							"host": [
								"{{ui_root}}"
							],
							"path": [
								"network_traffic"
							]
						}
					},
					"response": []
				}
			]
		}
	],
	"event": [
		{
			"listen": "prerequest",
			"script": {
				"type": "text/javascript",
				"packages": {},
				"exec": [
					""
				]
			}
		},
		{
			"listen": "test",
			"script": {
				"type": "text/javascript",
				"packages": {},
				"exec": [
					""
				]
			}
		}
	],
	"variable": [
		{
			"key": "base_url",
			"value": "http://localhost:8081",
			"type": "string"
		},
		{
			"key": "ui_root",
			"value": "http://localhost:8081/analytics",
			"type": "string"
		}
	]
}